Date,GOLDBEES.NS,HDFCBANK.NS,ICICIBANK.NS,INFY.NS,NIFTYBEES.NS,RELIANCE.NS,TCS.NS,Gold
2025-03-11,-0.0012470048520709653,-0.001185149189864565,0.02514720761194389,-0.023421214966477533,0.001310831503692933,0.007186715457569104,-0.003997523509804979,-0.0012470048520709653
2025-03-12,0.003329604018768695,0.015218078098763188,-0.0011643391407398784,-0.0425794706477548,-0.001348763628296279,0.007816857918678366,-0.019327053254357573,0.003329604018768695
2025-03-13,0.00691371684333375,-0.002659139307361391,0.004903776646714375,-0.006914554741923595,-0.002701231110399882,-0.007278886208929469,0.0013832642601672163,0.00691371684333375
2025-03-17,0.009750056130845008,0.002226763161670142,0.015159418929287405,0.006456418973047606,0.004461065594195901,-0.007252312899922453,-0.003802283009992413,0.009750056130845008
2025-03-18,0.0,0.0,0.0,0.0,0.0,0.0,0.0,0.0
2025-03-19,0.009791938428616476,0.019702954032589037,0.03475167673205126,-0.00220119949880182,0.017923783260082926,0.006699849341436304,-0.00017157707349013673,0.009791938428616476
2025-03-20,0.0032322944615426064,0.014133315343839437,0.006549410190538341,0.018278620812907098,0.010206447185808543,0.017640212849612702,0.018887045065778096,0.0032322944615426064
2025-03-21,-0.007249307705914032,0.0009046361184625873,0.01619131941565044,-0.014236619619695579,0.0068255011710642854,0.005673014136038379,0.004195892134268853,-0.007249307705914032
2025-03-24,-0.01284647717980425,0.016748071829424838,0.011205459247430216,0.00012556057350643357,0.014592660048388106,0.02017473148609139,0.014211238865582843,-0.01284647717980425
2025-03-25,0.0031507309168985476,0.011916674078431333,-0.010639562045197226,0.022413970241382142,-0.000641687104842581,-0.012787017018420888,0.007936235057049101,0.0031507309168985476
2025-03-26,0.0002730662590433308,-0.008180234130266362,-0.00580483653985675,-0.017808314436582484,-0.006912767778105344,-0.009646359885421396,-0.006000965772660627,0.0002730662590433308
2025-03-27,0.007508574085430819,0.010406533129113216,0.0005614233726158879,0.0025634771572127235,0.0031571590304813046,0.004045309001149411,0.004235706522475402,0.007508574085430819
2025-03-28,0.004878056849118018,0.0015612884510065594,0.008753179874754213,-0.02051698539435487,-0.001971787470470887,-0.0024252686646160093,-0.012338423146464272,0.004878056849118018
2025-04-01,0.034519922224622634,-0.03301056549507253,-0.02217522574820463,-0.028109470432211014,-0.01371522916590584,-0.017645697364857216,-0.015348758763515047,0.034519922224622634
2025-04-02,-0.0063868333677411515,0.01643240622455666,0.009708397271479097,0.015493042979602967,0.007858276182429735,-0.001157479996779065,-0.0019290471436103074,-0.0063868333677411515
2025-04-03,-0.00498497790998631,-0.0011408792385178002,-0.0012769245440069632,-0.034609558856795175,-0.0045101021529331264,-0.0019582414871938125,-0.03972990888751049,-0.00498497790998631
2025-04-04,-0.011338175710642662,0.012508102808265864,0.004324741122012421,-0.029969891533936033,-0.012669845278474923,-0.035236730882516665,-0.030486366661120035,-0.011338175710642662
2025-04-07,-0.015468676700353456,-0.032796063660856634,-0.03575976829153704,-0.03781906650158873,-0.031342345014056194,-0.03237320012537581,-0.0076831337362403,-0.015468676700353456
2025-04-08,-0.0020317150502332515,0.006514305125184139,0.009591809262139872,0.02294613852284555,0.014532296380929122,0.014154659879601628,0.005772559148345513,-0.0020317150502332515
2025-04-09,0.0164223544986557,-0.002345801522980695,0.0006924228012925582,-0.017567281209237007,-0.006687252426571311,0.0026645084100167526,-0.01407547017563826,0.0164223544986557
2025-04-11,0.04019231086609576,0.0236544169281383,0.008340961704316863,0.004096311949331355,0.019678932659157766,0.02834603302253491,-0.0046509782473818095,0.04019231086609576
2025-04-15,-0.0030808454309182443,0.032184884980663186,0.02939041497878314,0.01174220526535108,0.019142844368936318,0.017351043116696552,0.005167862116142619,-0.0030808454309182443
2025-04-16,0.02021632269881324,0.00702450716034142,0.004591958287722964,-0.00904634878821764,0.003986692852333107,-0.0006450569141414064,0.007881221039502506,0.02021632269881324
2025-04-17,0.003786386591602131,0.015282161735410194,0.037083413329667136,0.004529156461396733,0.017677846657532248,0.028403098904663304,0.007666987821821181,0.003786386591602131
2025-04-21,0.019363773911288407,0.010699113012073935,0.002203848751369586,0.02219093406167727,0.0118556447842868,0.016476986482864886,0.006881061977257241,0.019363773911288407
2025-04-22,0.02257310765934939,0.017954439509512365,0.004752435092910456,-0.0194348548557427,0.0012976476458919084,-0.003319137245686554,-0.0021675498960405104,0.02257310765934939
2025-04-23,-0.03027746791351893,-0.01926901507209733,0.005577103558739305,0.03661790756883443,0.006554414409405407,0.006815381959146771,0.029748927930860924,-0.03027746791351893
2025-04-24,0.0014927571525455985,-0.0036903888094409476,-0.01523454967805582,-0.0023730540092197216,-0.0032006294376624167,0.0012307636032609093,-0.003340126468049043,0.0014927571525455985
2025-04-25,-0.005962033836757086,-0.002921576166589168,0.0014971588009118353,0.005980657611814877,-0.00856249204538162,-0.00092191447484824,0.013640587938632764,-0.005962033836757086
2025-04-28,-0.012245354773047668,0.004709102164633272,0.01708431976030833,0.0012835755147759809,0.012172836072792403,0.05259921775599641,-0.0013051568308884987,-0.012245354773047668
2025-04-29,0.012523691657814862,-0.005936862294536049,0.0006998644093421102,0.010390697378602765,3.6814144353414235e-05,0.022574441711784132,0.008421733775306306,0.012523691657814862
2025-04-30,-0.011869122523366027,0.008486976406088864,-0.001958318664440739,0.0017362285527053878,0.00029416561063722035,0.0037865358682445116,-0.005414004839749187,-0.011869122523366027
2025-05-02,-0.008977103519380303,-0.0016102925038006255,0.002172325027408384,0.004533080174566884,-0.000808857783749839,0.0105338689707426,-0.006572642571925913,-0.008977103519380303
2025-05-05,0.015310087008001183,0.007752685520943103,-0.0004894339889455201,0.0011280517657743516,0.009640599553594642,0.008099711223408246,0.006790967000926962,0.015310087008001183
2025-05-06,0.03204316868170998,-0.002633273078652354,0.001539072687191334,0.0019224003419748836,-0.006523592147532509,-0.007266131195719505,0.0016501689982761913,0.03204316868170998
2025-05-07,-0.01034942776752279,0.007195788192466912,0.002654438080926802,-0.002117110352662155,0.0006970008699636043,-0.010486376706539735,-0.004306380519730868,-0.01034942776752279
2025-05-08,-0.004183025873484958,-0.00878906560497128,6.96732129206179e-05,0.002055273311353245,-0.006415190971746365,0.0007112888248419491,0.0011029526858665761,-0.004183025873484958
2025-05-09,-0.0017296687104720876,-0.020119293732347665,-0.032462541688543345,-0.002514240153966174,-0.009408272690945685,-0.021179860130747574,-0.0024934098241680136,-0.0017296687104720876
2025-05-12,-0.03490098500389682,0.035720000387587714,0.04291159071909223,0.07913246116155648,0.038921421978931336,0.04305836840007893,0.05234998841473315,-0.03490098500389682
2025-05-13,0.013977895498432424,-0.017678378967796227,-0.012357611339645969,-0.035835114916147326,-0.011794681709780819,-0.014479658083635383,-0.02911273874872211,0.013977895498432424
2025-05-14,-0.006197013603904233,-0.006241487228413334,-0.00307564941913141,0.015172809993738268,0.003337614540560807,0.006145466662176524,0.009587469491247003,-0.006197013603904233
2025-05-15,-0.019597873245642217,0.012142801731333419,0.01724870773341669,0.012936483488017902,0.013016617884004322,0.020921047503038803,0.00879186375554264,-0.019597873245642217
2025-05-16,0.009605371949319208,0.00046537474951069413,0.002205622187170464,-0.014321149494393226,0.00014269202779648715,0.0015128840393894283,-0.005195630956957742,0.009605371949319208
2025-05-19,0.0069426706608675115,0.0020675051196825667,-0.0034387583583165293,-0.018931960167872353,-0.0035687521162510727,-0.010711357251580567,-0.01193378037018522,0.0069426706608675115
2025-05-20,-0.0016598219346847243,-0.012276245485088544,-0.007453487544864634,0.000512787497203071,-0.00830907516794177,-0.011243797996968508,-0.005825916052514812,-0.0016598219346847243
2025-05-21,0.01675402887441302,0.006214444699292221,0.004519600144412328,0.005062187911810678,0.0023835209275033797,0.0032289512519809715,0.007860940123010307,0.01675402887441302
2025-05-22,0.0038993403596698784,-0.003581070429987232,-0.0017996720468936855,-0.01338857451469655,-0.005908788337193771,-0.0138537886130784,-0.01384078062613081,0.0038993403596698784
2025-05-23,-0.0037588702110037397,0.007135748376859485,0.00533948590601252,0.011179321439033885,0.008915919765238867,0.012345698336225563,0.010813923443102613,-0.0037588702110037397
2025-05-26,0.003269959751610596,0.0034132505528097212,0.007449204646057028,0.010033186936206917,0.005460428774337167,0.005606926734152973,0.006458753535954376,0.003269959751610596
2025-05-27,-0.00263255726852174,-0.007164136123751552,-0.009721974357097762,-0.006580201916487338,-0.0058594968116225665,-0.008851447302390625,-0.010912268783523804,-0.00263255726852174
2025-05-28,0.0062845653009449,-0.0014535838723096495,0.005116182076446929,0.0010828053519897907,-0.002012569842205769,-0.0064692549661740095,-0.0002858078670870956,0.0062845653009449
2025-05-29,-0.01199099567508799,0.0020795436543044055,0.001857113761925433,0.008779651684537093,0.0030609892183459664,0.003468033906426582,0.00011438471566016517,-0.01199099567508799
2025-05-30,0.004930460141235438,0.009027251979717876,-0.007346274629998373,-0.000575544655004534,-0.0020464109525825114,0.0021864706617111818,-0.009919717467407718,0.004930460141235438
2025-06-02,0.012957589721691587,-0.006581369672977289,0.003250745215920059,-0.005695232981576481,-0.0013310613215911093,-0.005067230857700444,-0.003926721043531756,0.012957589721691587
2025-06-03,0.005588730705386347,-0.0038817489411315798,-0.008686672243559568,-0.006950733703624312,-0.006592280438067921,-0.005800366381819577,-0.012928345716469614,0.005588730705386347
2025-06-04,0.0041990407899819004,0.008625131877934011,-0.0047986655582820115,0.005314279113993958,0.002502094023625112,0.012806793550152351,0.0016887977700275059,0.0041990407899819004
2025-06-05,0.005165487774577482,0.004327216467577832,0.016631750166401726,0.0019985095671264386,0.005751271023058724,0.013277143550585846,-0.002898653105605553,0.005165487774577482
2025-06-06,-0.006117704385944833,0.014926146012341546,0.0033681230947397722,0.006112110512533464,0.008811409151564087,0.0007625878399228903,0.0038859587046893296,-0.006117704385944833
2025-06-09,-0.009233041597996983,0.00010116718671682179,-0.017058222271624457,0.00581914423398433,0.003030324789716987,0.003671726306536005,0.011140036910046058,-0.009233041597996983
2025-06-10,0.0016152739562078633,-0.006872483345676694,-0.008293893208633829,0.014686255064056075,0.00014220204035519934,-0.007109420686643664,0.01198165070359436,0.0016152739562078633
2025-06-11,0.0018608302287947964,-0.007581607855601802,0.005692589285652527,0.021992427602813613,0.0017057480499074185,0.007229763129792621,0.0025989572360958224,0.0018608302287947964
2025-06-12,0.007800857314927523,-0.0035889934826710546,-0.004053127867115203,-0.013794385759992811,-0.010359325081558457,-0.0050383296741072225,-0.010858640030833477,0.007800857314927523
2025-06-13,0.021378521646614468,-0.01327571261741145,-0.006385034975018189,-0.004102948788338834,-0.006632034495637873,-0.009503249619472132,0.003348728083294228,0.021378521646614468
2025-06-16,-0.0004811850938164497,0.009282444635375642,0.007626566155874759,0.013608076804470182,0.009382916081728032,0.006933242924857197,0.014684979703027956,-0.0004811850938164497
2025-06-17,-0.006378611176507953,-0.0029968013237066105,-0.002593093022287496,0.009914972217133888,-0.00396859428207319,-0.004590421274910161,0.0054343210675336096,-0.006378611176507953
2025-06-18,0.002785893456093591,0.00222845354838741,-0.0074479786737325915,-0.00426852522109733,-0.0012563484264205282,-0.000768555586478592,-0.018177757460069333,0.002785893456093591
2025-06-19,0.0,0.0007239357230033328,-0.0009201968892172951,-0.008879908596744035,-0.001185978234069296,0.002237681333301822,-0.007938764629718986,0.0
2025-06-20,-0.0067640723807350644,0.015191396690230174,0.011195305087796426,0.0027805113022407735,0.012917837755331174,0.022953964664555127,0.003417051109898095,-0.0067640723807350644
2025-06-23,0.005229238570127359,-0.008296384736435236,-0.004905059240410181,-0.023969443892467135,-0.002273586672957406,-0.006411091226272259,-0.012253634092737276,0.005229238570127359
2025-06-24,-0.020324222486647225,0.006415499914848466,0.0028166947351533356,-0.0015152020183288872,0.0020295070638320922,-0.0041186603572820335,-0.0009430275751649564,-0.020324222486647225
2025-06-25,0.0016053006671903347,0.009842419828163251,0.0011937566355204599,0.0210546747935465,0.007035536502355555,0.0113730948011328,0.0160453458572698,0.0016053006671903347
2025-06-26,0.00012331569664914,0.02100796522285253,0.009328066705784233,0.0006811314687342751,0.01051484050605711,0.019082622846425812,-0.000870870975628435,0.00012331569664914
2025-06-27,-0.016148978595091013,0.0075507467248654425,0.016051679662544283,-0.0049505068195248025,0.0054819537216332925,0.013442103526425164,-0.00020330518217270832,-0.016148978595091013
2025-06-30,0.0022553603643908904,-0.006650435554941159,-0.011215884341929216,-0.0038556766522145347,-0.005035358148631319,-0.00976637419870141,0.006073549600909667,0.0022553603643908904
2025-07-01,0.01325172166892119,0.005295988459478762,-0.009544974796450889,0.00312153433126805,0.0011517453527558619,0.018525950721715922,-0.0093297959987102,0.01325172166892119
2025-07-02,0.0007402536253506842,-0.012971495430722624,-0.0029328793105818374,0.0023026840504283275,-0.003695431502324764,-0.006281049417176665,-0.0018661300426571215,0.0007402536253506842
2025-07-03,-0.0012328747795414818,0.0005538259278523583,-0.0013307512084540507,0.005091544446949037,-0.0013646305988004315,-0.0006584619297647087,-0.00657259017885814,-0.0012328747795414818
2025-07-04,-0.0014813324702822595,0.001107223501737975,0.011852186578961366,0.013591109035293591,0.0025227606649513845,0.0062591062466228475,0.005586925711916546,-0.0014813324702822595
2025-07-07,-0.004450495896500595,-0.0009551613067333431,-0.004921085211874177,-0.008350005091420476,-0.00013972957740227,0.009297400045306103,-0.0023685335406941066,-0.004450495896500595
2025-07-08,0.0031044331775684775,0.007044422521019333,0.004388152784315702,0.007191055606589503,0.0029363313747834408,-0.0025300264737670997,-0.0016121723784312536,0.0031044331775684775
2025-07-09,-0.009284476495835525,0.0048964919714555855,-0.007004104018515589,-0.0030511686780767544,-0.0014290322988954607,-0.012096769051145873,-0.0065761867994844625,-0.009284476495835525
2025-07-10,0.008496817637734244,-0.0024860584376457107,-0.005447364451181214,-0.010956662899005876,-0.004677125088623502,-0.0011849948205391314,-0.0005320309094347664,0.008496817637734244
2025-07-11,0.005451647210970023,-0.011215205471906686,-0.0015448005549673072,-0.01293482606343832,-0.0071890106754801675,-0.014500390162414223,-0.03429920968638478,0.005451647210970023
2025-07-14,0.008995634181304002,-0.00035286574796955517,0.000773595327975718,-0.0154241157811138,-0.001412856900782411,-0.007691341105986238,-0.013257808478647437,0.008995634181304002
2025-07-15,-0.0025647177762196938,0.006303592274967684,0.005481434621515291,0.009743300992206994,0.00346648868433741,0.001145866813303309,0.009184907616845317,-0.0025647177762196938
2025-07-16,-0.0039182037712582884,0.00040088168213570086,-0.0030752191960944364,0.014064145503968728,-0.00017620569120713192,0.000134571057024635,-0.0025298530745393455,-0.0039182037712582884
2025-07-17,-0.002335523240017734,-0.004708732751739331,-0.0053982559069619684,-0.015175077511053292,-0.002855831456558988,-0.006192735592645882,-0.007392339933730563,-0.002335523240017734
2025-07-18,0.00702316004318182,-0.014847243334064175,0.005004595074603824,0.0016418501554422704,-0.004949948601460141,-0.0002709488089376322,-0.006013970529810675,0.00702316004318182
2025-07-21,0.0048940888297472895,0.02201902118733501,0.028054428720081903,-0.0011347602410705093,0.002949284409782038,-0.032113810742112725,-0.009937609822239013,0.0048940888297472895
2025-07-22,0.007792516876308664,0.0032991760470997278,0.00532129786360902,-0.008458021441934749,-0.0006731468675424956,-0.011059717912765832,0.0004433624952935311,0.007792516876308664
2025-07-23,0.0118400796989242,0.008569600498690821,0.01017914405334941,0.002291637951500114,0.005175989708824158,0.008352115762336965,0.006171631594799054,0.0118400796989242
2025-07-24,-0.017313396396921643,-0.004989450728788536,-0.0034931966046115592,-0.013972644297704728,-0.005043532190378119,-0.015232325679389147,-0.00978261722643503,-0.017313396396921643
2025-07-25,-0.002430189188582843,-0.0022894563496553832,-0.004247047735854603,-0.023703775020223472,-0.007337849271294106,-0.007983514051346452,-0.00387550572904638,-0.002430189188582843
2025-07-28,-0.00085261505633627,0.0019455374945429593,0.007650225895775575,0.00019796562315921307,-0.005499441315698572,-0.002945985510221405,-0.01801776999860838,-0.00085261505633627
2025-07-29,-0.0014628199314051793,0.0065222681533172455,-0.0014781465719727604,-0.0015171907820399344,0.00574529124787948,0.02125975975975969,-0.007566610750041947,-0.0014628199314051793
2025-07-30,0.005860037920631944,0.0020775985817718112,-0.0025568364522721154,0.0035014405245969993,0.00014284174888423706,-0.004939675437482083,-0.0007853395660833984,0.005860037920631944
2025-07-31,-0.0023061347592402415,-0.0037516524203097257,-0.0006745590098479193,-0.006583293781351474,-0.0031056834399136868,-0.014112535066659326,-0.00550169766343922,-0.0023061347592402415
2025-08-01,-0.0030413626433273278,-0.0029729462616011615,-0.006615456142875509,-0.02611007595846615,-0.006839517278941498,0.0025176286015586857,-0.011130160551259594,-0.0030413626433273278
2025-08-04,0.015619358832921426,-0.010038739519952267,-0.005708081366281648,0.00741703162040297,0.005408328707374066,0.012771800208446038,0.023776180780896272,0.015619358832921426
2025-08-05,0.004565628236110175,-0.007228927918706107,-0.012848522369485083,-0.013644012843117781,-0.00254614107777551,-0.014027686005308682,-0.0034152873530569616,0.004565628236110175
2025-08-06,-0.0020332276964996066,0.0038936454982032576,-0.0005538275118990299,-0.01616113453257373,-0.002984170008378473,0.0007905453001302298,-0.01031362961830129,-0.0020332276964996066
2025-08-07,0.005992329642501071,0.005087379911111967,-0.0022859002915959215,0.00013923412260852253,-7.208183566331794e-05,-0.0024412135056487427,0.004847852218881732,0.005992329642501071
2025-08-08,0.005003552022034841,-0.010774781866765504,-0.0030549355456342964,-0.009604005658294223,-0.007753593098310585,-0.015546252622128498,-0.0034789169525981656,0.005003552022034841
2025-08-11,-0.013394941266504756,0.010993439841674002,0.0004874569780666249,0.003583703723702314,0.007814181078791949,0.01345224258102995,0.00144917901904984,-0.013394941266504756
2025-08-12,-0.0030037244973770694,-0.012878308020789153,-0.0025252354430336243,-0.0028706795318467204,-0.0027047494568435138,-0.004184048258546014,-0.0017759492782847275,-0.0030037244973770694
2025-08-13,0.0025307191609689195,0.005279468138062349,-0.0008438475188994321,0.0017554770431189581,0.005351777041366468,0.001593678131886156,0.0002636112638865207,0.0025307191609689195
2025-08-14,-0.0006010704446490767,0.0054536820135937525,0.00457488723016386,0.014790328304734146,0.0007554204048469959,-0.0023962869917331098,-0.004578083315692649,-0.0006010704446490767
2025-08-18,-0.004690875541394246,0.0062779368958214565,0.005114500461067095,-0.008219856637495249,0.01020736881626405,0.005750401851047249,-0.003672706444853513,-0.004690875541394246
2025-08-19,-0.005317250047205402,-0.006238770289635487,0.0011850503771917431,0.0029252312851621998,0.003166414443618537,0.027791869270527236,0.001660500553085864,-0.005317250047205402
2025-08-20,-0.0027942623540394562,-0.0014564936214259694,-0.003968581110080804,0.03902772215582018,0.001986088720260737,-0.0049996308062804085,0.027319089165161792,-0.0027942623540394562
2025-08-21,0.005726135602074356,0.0015089025619539065,0.010764731355286772,0.00013369713754762813,0.0019113994263100231,0.00835106074177272,0.0012910117464113302,0.005726135602074356
2025-08-22,0.0008479671985031079,-0.013358766692557866,-0.006638987265516927,-0.005947650570352403,-0.008160805407042782,-0.010948973274587437,-0.015664366032098975,0.0008479671985031079
2025-08-25,0.01065114045223603,-0.0002545047369507669,-0.0022278426537154505,0.02998317344845991,0.003312529566451561,0.0024127338432242684,0.028356261492367585,0.01065114045223603
2025-08-26,0.003952117737181959,-0.008808068312638584,-0.011582456148121034,-0.0016317309914584133,-0.009336853703485026,-0.01960919697764063,0.00528565555292948,0.003952117737181959
2025-08-28,0.007038009364232822,-0.016026336788397044,-0.012353522731610722,-0.019286073351576283,-0.007597187636361302,0.0007220737832127622,-0.020112840349153394,0.007038009364232822
2025-08-29,0.010897870041458368,-0.006473180503288267,-0.0009291164180516009,-0.02033200567636151,-0.003141570578114039,-0.02070861731481788,-0.0029091151333264786,0.010897870041458368
2025-09-01,0.014881700573697643,-0.00105086173356006,0.009443375812542953,0.020277734509112744,0.007679472346360461,-0.002431422691227758,0.00904464140121286,0.014881700573697643
2025-09-02,0.0,-0.006416974271620024,-0.011906483932051737,-0.000466941276740962,-0.0017973974159339878,0.009306429838784158,-0.00035342535218085835,0.0
2025-09-03,0.014663394921101247,0.01053468735524743,0.0020083552762797385,-0.013077982625540052,0.004537632522542578,0.004463941153265649,-0.00449944686096404,0.014663394921101247
2025-09-04,0.0031862359745409297,0.007124509095290055,0.006084466714388004,-0.010884952266993153,0.0013623176291910344,-0.009689586911244885,-0.0005810125922578457,0.0031862359745409297
2025-09-05,0.005558051762878158,0.002236696399544824,-0.0019209898056741226,-0.0125769769170061,0.0010024300871933622,0.011550026195769059,-0.015311606374301623,0.005558051762878158
2025-09-08,0.01500284047560263,0.002698749761314234,-7.135561217985753e-05,-0.008099022909510478,0.0013947929983770813,0.0025454545454546285,-0.009611909102338445,0.01500284047560263
2025-09-09,0.013225102996398563,-0.0008798919109085368,0.0007129108396735084,0.049828968595041045,0.0019644213355143325,-0.0016685156533369216,0.010069494720292171,0.013225102996398563
2025-09-10,-0.0029614637324670845,0.0007770812630454316,0.00014253276992737263,0.01881273575858322,0.004633876642805346,0.0005813463570054633,0.019872846380780684,-0.0029614637324670845
2025-09-11,-0.0030802945500187917,0.001967039373520052,-0.00163832807758868,-0.014941992214951072,0.002448206253093499,0.0045751988584785686,0.004565878514032562,-0.0030802945500187917
2025-09-12,0.007062451669066716,-0.000516635675043009,0.011486854927496015,0.010531906902438548,0.003468697096104423,0.008457999536533478,0.002944764404073208,0.007062451669066716
2025-09-15,-0.003725662495356996,-0.0002584513627157392,0.001199177047852995,-0.011274182376637354,-0.0013756644739277846,0.0030824722782258895,-0.006861612664907368,-0.003725662495356996
2025-09-16,0.014848201730190747,-0.00020682716463049644,0.0015499162561893876,0.0019226002027690203,0.006251835129190919,0.004287858065198158,0.010861635437463768,0.014848201730190747
2025-09-17,-0.011054477947063601,-0.00036197506828861137,-0.0016882558070341336,0.007344658343813926,0.0038260250687820463,0.006048530352708692,0.008614883139816953,-0.011054477947063601
2025-09-18,0.003835599716395466,0.010760501204410078,0.0017615558666950193,0.011954778850512326,0.002517662749294658,0.0008487417813216602,0.0012292068544934587,0.003835599716395466
2025-09-19,-0.0033842528794509885,-0.010236462022813364,-0.013715974305215761,-0.00025968797861875004,-0.0027904369601811085,-0.005371007481227874,-0.002360987439405493,-0.0033842528794509885
2025-09-22,0.020265072358066183,-0.0027924419679969947,-0.0004991807133426507,-0.026425126300849255,-0.004931807248026332,-0.011936939417859782,-0.030102187066329722,0.020265072358066183
2025-09-23,0.02136566326830658,-0.007259904492198821,-0.005137317996343205,-0.001333781095419706,-0.0004920529215950431,-0.0005752385818038608,-0.0037088217374243726,0.02136566326830658
2025-09-24,-0.005150823903255275,-0.006425014976631949,-0.00831965663775136,-0.001936594510264844,-0.005169689429048163,-0.0048928252908457814,-0.008816626886988699,-0.005150823903255275
2025-09-25,-0.00221892525176437,-0.001261776165746964,-0.004990166042822319,-0.006556846331885247,-0.005797562995365824,-0.007664479816296144,-0.025696796412124967,-0.00221892525176437
2025-09-26,-0.0022238598304986645,-0.005053416767219376,-0.011775020109925372,-0.0241783841027452,-0.008889205258173272,0.0037889471578049783,-0.01971311453626645,-0.0022238598304986645
2025-09-29,0.017830612220440356,0.005555261698125147,-0.00845837026074081,-0.004900250820714547,-0.0007174488643878485,-0.003484267452727674,-0.0010349104335581893,0.017830612220440356
2025-09-30,-0.0005214082477811299,0.0007366223466518385,-7.416036477114751e-05,0.0,-0.003662021612545141,-0.00641029175052632,-0.0026587491464451496,-0.0005214082477811299
2025-10-01,0.018570670919493493,0.014984227129337446,0.017804154302670572,0.002774316401011667,0.010774073473337475,0.0034457120028408283,0.008932337532394419,0.018570670919493493
2025-10-03,-0.005735916975805666,-0.00010357481060618845,-0.00495630381058676,0.0005532595939619078,0.002317186103367508,-0.003872234198061264,-0.00422076181934028,-0.005735916975805666
2025-10-06,0.02214898045367497,0.008599686663229189,-0.001318434531342838,0.020323574709232295,0.006793297898817663,0.008508123352075403,0.02980804747207877,0.02214898045367497
2025-10-07,0.004434614351873645,0.009296818202765733,0.0091682556668371,-0.01185641743214716,0.0012011033634560242,0.007127308238636276,-0.004919067944453737,0.004434614351873645
2025-10-08,0.020369242471427462,-0.0038676720539122522,-0.0040700454150528476,0.025025750179790363,-0.003634306361764428,-0.012565008521473686,0.0179910779611141,0.020369242471427462
2025-10-09,-0.0021634498517184575,-0.0016348590999661905,0.0043055550853958735,0.009565277297289398,0.005913955950419769,0.00760569272222944,0.011396732289461253,-0.0021634498517184575
2025-10-10,-0.007884133656584358,0.0038891095313413615,0.002979289203402846,0.003710288567871922,0.005175149740807461,0.002830528527754783,-0.010909009416472104,-0.007884133656584358
2025-10-13,0.01966825661018401,-0.003975965253331548,-0.0006520498313584699,-0.014324456419739229,-0.0030820061610196126,-0.00484906376828953,-0.006967513472028286,0.01966825661018401
2025-10-14,0.023770041653594864,0.00015355620681933857,0.0034072430685010424,-0.002209936955582581,-0.0033375918990329323,0.0006545632102272769,-0.015595946407996442,0.023770041653594864
2025-10-15,0.0019031742754433978,0.001125697752089927,0.010331658897740681,-0.010403344749247756,0.008389456316156396,-0.0011628574442528183,0.006950817837226841,0.0019031742754433978
2025-10-16,0.0007598236333845598,0.01645793568713283,0.013515463446864384,-0.0019669357420863953,0.009193570858449851,0.017463435310553166,0.0003030019964651576,0.0007598236333845598
2025-10-17,0.02600358538814218,0.008246605730742873,0.013617389467932561,-0.020659205897191613,0.005091794799263694,0.013230350678671732,-0.0028613300469527703,0.02600358538814218
2025-10-20,-0.027472030375872092,0.00039900695120764773,-0.03222882329434007,0.013739511062062615,0.005824075009904561,0.035290794944111026,0.017892104764293704,-0.027472030375872092
2025-10-21,0.005231149466907281,0.004736028657646996,-0.005969969457399582,0.00787189948727618,3.4296464494598666e-05,-0.0010908764678105864,-0.0028190186560270725,0.005231149466907281
2025-10-23,-0.03775196708294204,0.0010915704799172588,-0.013241714057977583,0.03810099164716063,0.0017816820500551334,-0.011465961860274265,0.022117291147932816,-0.03775196708294204
2025-10-27,-0.015339209492677641,-0.005798944941242445,0.010192875934414758,-0.0006331960638217282,0.0032832566332074986,0.024647853196714253,0.0038070610236284885,-0.015339209492677641
2025-10-28,-0.032953895265341315,0.0005982108566080502,-0.010525551870623873,-0.0028581248442173246,-0.0008522242877055941,0.0018866982509178065,-0.008752273442047098,-0.032953895265341315
2025-10-29,0.032114836100367805,0.004284776887323316,0.005355475723625602,0.006799142497118327,0.004776505859197977,0.011634895738622308,-9.803658569296214e-05,0.032114836100367805
2025-10-30,-0.002701317171687756,-0.009624399867882993,-0.005837711513045685,-0.010990449760074128,-0.006519570213019965,-0.01043740970716267,-0.007293385117335127,-0.002701317171687756
2025-10-31,0.003410878178668808,-0.010870146126042424,-0.012551361772979885,-0.007698486828288442,-0.0051268031609862375,-0.0014107998561890822,0.0074786581148711395,0.003410878178668808
2025-11-03,0.00030000409616559587,0.005418856160479768,0.0008176433107958125,0.002158774247093209,0.0009276471887667004,-0.0011437521624487745,-0.01347284312740471,0.00030000409616559587
2025-11-04,-0.00249875054846993,-0.007454817138024539,-0.007055852516145267,-0.011847846237588389,-0.006040877737272687,-0.007813010013761779,-0.008817264726409202,-0.00249875054846993
2025-11-06,0.002705377102307338,-0.0006089577121924927,-0.012341984964232222,-0.0008175442620259599,-0.004661784317785744,0.015613332686976289,0.006922582100761243,0.002705377102307338
2025-11-07,-0.0012990631939084896,-0.0023866719776827194,0.01711600664046209,0.006886273943201626,0.0006939085963353353,-0.012098105662256109,-0.00634355297914424,-0.0012990631939084896
2025-11-10,0.01761051094498245,0.0022396541121558755,0.0037230081906181045,0.024850995367312834,0.0036402294552817516,0.007645499883710993,0.011163779777342508,0.01761051094498245
2025-11-11,0.015634257767916493,0.007313369433246564,0.0076409857775407986,0.011100131369755628,0.004594345693151425,0.002752954711284339,0.007206173353419887,0.015634257767916493
2025-11-12,-0.005808872773772178,-0.0022184251083501305,0.0004417106415148808,0.01398412184599862,0.006533229656260131,0.012119978096986506,0.027830631258881633,-0.005808872773772178
2025-11-13,0.026097967099620867,-0.00288021787361048,0.019869011343672582,-0.006380036511745346,-0.0011273113244381072,-0.0003969405133559256,-0.008333875712169925,0.026097967099620867
2025-11-14,-0.014805021802458684,0.002989865807409453,-0.009308048334522812,-0.025295108811056677,0.00150474332838324,0.0052948572842219654,9.660773968067637e-05,-0.014805021802458684
2025-11-17,-0.018013632223929488,0.007023052120546103,0.004369992716678706,0.003193988955187743,0.0038930939477270776,-0.00039500663394154145,-0.0012234464423054314,-0.018013632223929488
2025-11-18,-0.01010397051823586,-0.004114169521006739,-0.004060896001405023,-0.0140620532735386,-0.0034017076431184234,0.0007244783972617519,-0.004867488056444769,-0.01010397051823586
2025-11-19,0.013080959735609188,0.0021663190613754324,0.0070627282652142576,0.03680028947351355,0.004778625424620486,-0.0003290772620546667,0.01963000557693939,0.013080959735609188
2025-11-20,-0.006651670574651103,0.014327368137732943,-7.228370161393993e-05,-0.0029848651345208976,0.0043143647529171325,0.019882777461620593,-0.0009212034984726891,-0.006651670574651103
2025-11-21,0.004431284438394911,-0.010705246621725117,-0.009761388286334105,0.0055320533680442985,-0.004464914283637933,-0.0016138403197988316,0.0018442638824489599,0.004431284438394911
2025-11-24,0.0022549348718978734,0.0011021858970472476,-0.000803195024415837,0.001941747572815622,-0.0034656819307780085,-0.006918370193185419,-0.002983561416866176,0.0022549348718978734
2025-11-25,0.012031651053013848,-0.009357990684709105,-0.007746255040061323,-0.011240325848877575,-0.0021138600170182986,0.002474071682668333,-0.007003684129517129,0.012031651053013848
2025-11-26,0.00695922314976305,0.014245339255391842,0.012667514032511429,0.01783617487493694,0.011377672451743592,0.019614258751649682,0.014009973755456206,0.00695922314976305
2025-11-27,-0.0006719110637278813,0.005578220390228594,0.012509055397727176,0.005456062562934294,0.0013851006674876487,-0.004140391043325198,-0.0083151189675581,-0.0006719110637278813
2025-11-28,0.0048986853639474415,-0.0018821440456289196,-0.002442107788387826,-0.004021992294389598,0.00023607315117302186,0.0026224737891213934,0.00028688878621485614,0.0048986853639474415
2025-12-01,0.020072628742018317,-0.005458515416102205,0.0009360071371753431,0.00249985544201925,-0.0013153365837109687,-0.0008931575209329967,-0.0013067918474062301,0.020072628742018317
2025-12-02,-0.010213680236293987,-0.012274212246913718,-0.012301255942925748,-0.0019181585677748858,-0.004863230029461207,-0.012642824255459595,0.0007340588719499941,-0.010213680236293987
2025-12-03,0.008331013023708644,0.010810277166086735,0.013474144209759675,0.011338854049887992,-0.0029186718877761697,-0.004850287630582373,0.014127620821389186,0.008331013023708644
2025-12-04,-0.005539423110052288,-0.0032983386236569157,-0.0034495500022457826,0.01197189142878785,0.0019401203128042166,-0.0020795900316122884,0.015471687729945227,-0.005539423110052288
2025-12-05,0.00915786666797258,0.006117103400788082,0.004182627123642257,0.011642448591748122,0.0055712697477356965,0.0032560563164194534,0.002787082121467943,0.00915786666797258
2025-12-08,-0.0003742250515086365,-0.00019935434014217712,-0.002082602810816847,-0.0033411103247680263,-0.00864834794141156,0.0015578504816928795,-0.0005249924905117442,-0.0003742250515086365
2025-12-09,-0.005334578408648927,-0.005981457627386777,-0.010362712051711576,-0.007325582611392156,-0.003748529758927255,-0.008813982881359372,-0.008713047466769264,-0.005334578408648927
2025-12-10,-0.00047041233475264566,-0.007321219508283572,-0.008435119253787482,-0.008880519807301424,-0.0027022696371766797,0.004903883797748421,-0.005953324547110506,-0.00047041233475264566
2025-12-11,0.008660436222091672,0.010608203808339711,-0.002640052545021976,0.008329095636787631,0.004698844589996476,0.005270333435660968,0.0008465491838371975,0.008660436222091672
2025-12-12,0.022958460564076688,0.0011996523259776293,0.004411764705882337,0.00012512588978408345,0.006008294847339224,0.007443365695792847,0.008960177387432378,0.022958460564076688
2025-12-15,0.012225128459346868,-0.005391936509298478,-0.0005856872826683901,0.005381114953697752,-0.0005089887517110148,-0.000192771492531274,0.003011968216487526,0.012225128459346868
2025-12-16,-0.012528160683923817,-0.0018070352746570872,0.0005860305132872057,-0.008650749310220696,-0.006382850642600468,-0.00893195140719727,-0.007770339685424843,-0.012528160683923817
2025-12-17,0.003924792942294308,-0.010359034415590718,-0.009956058262033274,0.005712835360954127,-0.003246129280200849,0.001361586928259051,0.0039624011639174395,0.003924792942294308
2025-12-18,-0.0010000964859351313,-0.004369906293667403,0.003253493296828891,0.015480679667993158,0.00044566482678232155,0.0,0.019578614928156046,-0.0010000964859351313
2025-12-19,-0.0005460280314292243,0.0059201671130970634,-0.0019900303250427465,0.007314913933228695,0.005514998254211312,0.013403231575140895,0.00036573091478642183,-0.0005460280314292243
2025-12-22,0.014296118186004847,0.0022323817422944536,0.010634387913515342,0.031061222878332684,0.007635075484988096,0.006581080434985509,0.013071292969695225,0.014296118186004847
2025-12-23,0.01535145968078333,0.009010796060454851,-0.004018998903909443,-0.01260649092423538,-3.385222882867911e-05,-0.0029834157479688983,-0.0044813569986503765,0.01535145968078333
2025-12-24,0.0009725960374502574,0.0006020837204423479,-0.0023477264650586527,-0.0029371361689429776,-0.000608741478083763,-0.00795823542916263,0.0027190469592461852,0.0009725960374502574
2025-12-26,0.009716442743722187,-0.00511435675758376,-0.006912798997296243,-0.004388630949248906,-0.0035194874616645277,0.0006417661605289116,-0.011750536496638153,0.009716442743722187
2025-12-29,-0.011197610065915575,-0.0004031482600028724,-0.005257683247612666,-0.006883657135511423,-0.0044488134096600795,-0.00872240636982824,-0.008689042955559945,-0.011197610065915575
2025-12-30,-0.01645581377014249,-0.0008066832541309132,-0.0005955846043651514,-0.014045100183458059,0.0005799537140511735,-0.003752540663449322,-0.0014454498451380582,-0.01645581377014249
2025-12-31,-0.009534924674397205,0.00030274274455321937,0.00029796976838913913,-0.003823354258274958,0.006784365828053973,0.019872694256131362,-0.012504660661718292,-0.009534924674397205
2026-01-01,0.0037235131272563837,-5.0431590348343214e-05,-0.0036488378322879766,0.008914215795734926,6.768823892588927e-05,0.003311227133873107,0.006612203436453967,0.0037235131272563837
2026-01-02,0.011762604879153926,0.010543258754448281,0.013004502551616115,0.006503850330326744,0.007517019339855935,0.01059918348626332,0.007219446114524963,0.011762604879153926
2026-01-05,0.009837224799885469,-0.024061477808881793,0.011878394050418795,-0.02072665172761412,-0.0038312356835066286,-0.008917963202122792,-0.010643841898445805,0.009837224799885469
2026-01-06,0.0019482928114642473,-0.015652161425032007,0.028946373439208806,0.0036105121200604717,-0.0013157944860797688,-0.04467397572439846,0.012344152256602126,0.0019482928114642473
2026-01-07,-0.0020328418665354064,-0.013666622580787324,0.011692177275302695,0.016623278526118668,-0.0010134038379242538,-0.002255256347255541,0.012224324718865809,-0.0020328418665354064
2026-01-08,-0.0054911232527936615,-0.002476134678008224,0.00511315337801399,-0.015680263070088518,-0.009434629153946328,-0.02233743962015211,-0.0278250498613416,-0.0054911232527936615
2026-01-09,0.011755273702573232,-0.008133529214899182,-0.02139369419642856,0.0004958326000135127,-0.007988244278149259,0.003196024289552124,0.0012173295591202393,0.011755273702573232
2026-01-12,0.027726445814242107,-0.00218316058889112,0.006266414905529594,-0.011275603399515721,0.004404827404342226,0.005354776711371523,0.009913396491379345,0.027726445814242107
2026-01-13,-0.003340179706346702,0.000426878033721545,0.01691318719622248,0.0019424622711410322,-0.002535341921933054,-0.020496159212876952,0.008766477861553046,-0.003340179706346702
2026-01-14,0.014092973712648726,-0.012695325853577466,-0.012943615578244638,0.0005003432320982437,-0.0016144032316157686,0.004129955808330088,-0.02310284644818661,0.014092973712648726
2026-01-15,0.0,0.0,0.0,0.0,0.0,0.0,0.0,0.0
2026-01-16,-0.001949015784849295,0.006105098389303842,-0.005358132723578435,0.05625703041197316,0.0013073862176589124,-0.0006169621496692201,0.022707686548198103,-0.001949015784849295
2026-01-19,0.028188145094528494,-0.0034367428372678033,-0.021406345475585287,-0.0050894173320767955,-0.004844707327898989,-0.030386204874322198,-0.013440563249416115,0.028188145094528494
2026-01-20,0.03930637651698787,0.003556404468307628,-0.0034766962499584997,-0.013264291818631313,-0.011566502251281197,-0.01386529140099435,-0.019376674338055233,0.03930637651698787
2026-01-21,0.07238201625753282,-0.011651671476440417,-0.019479610319066865,-0.0027126408667028645,-0.0046457544290090524,0.0076039997029679895,0.006543547854371168,0.07238201625753282
2026-01-22,-0.07875827803713431,-0.0017927564759872006,-0.0025945144551520194,0.005500468720774032,0.005825488939881884,-0.0014950702138959437,0.008902774552644654,-0.07875827803713431
2026-01-23,0.024770805225736714,-0.002830125815332707,-0.001560739937523259,0.004388367194544607,-0.009420403431308455,-0.011693422042112323,0.00384081324001051,0.024770805225736714
2026-01-27,0.03162767883541728,0.011243367648314573,0.013398838523805301,0.0071222779482778,0.004614129624515906,-0.0040400950036596495,-0.0014229249011857847,0.03162767883541728
2026-01-28,0.03324465939468402,0.006800504778649463,0.0046275353642100114,-0.009627355822167227,0.004873375376587941,0.011734843297265485,0.013331253216038563,0.03324465939468402
2026-01-29,0.07885429890687679,0.003002023969468137,0.01162537470330327,-0.00420042004200416,0.002651721169772747,-0.004081013368041231,-0.01740576657376902,0.07885429890687679
2026-01-30,-0.10516620344288596,-0.00668091929449488,-0.020670696798636312,-0.01114793612533893,-0.0022270388061856883,0.0031632094996854043,-0.00651952698024183,-0.10516620344288596
2026-02-02,-0.09495117001121822,-0.001237583442628365,-0.0016235802006457911,-0.0070688455733927125,-0.009730437826596772,-0.003583201886569798,0.014629212439941641,-0.09495117001121822
2026-02-03,0.05502653476071018,0.02219592410622373,0.02727668614124812,0.01632501238945472,0.025709613757135763,0.0335874211391467,0.01757317940930858,0.05502653476071018
2026-02-04,0.03514384394987169,0.004637886921357248,0.013456194789687181,-0.07258451157721924,0.0014077862788672846,0.013708213469390218,-0.07013299468186285,0.03514384394987169
2026-02-05,-0.03379633238067947,-0.0035672683516921877,-0.008449321363093065,-0.010157635864221692,-0.004457355803786367,-0.00919825917416861,-0.002534126040737772,-0.03379633238067947
2026-02-06,-0.0014374724758110524,-0.009055529652050698,0.006874311196518157,-0.008617271416065497,0.0010331936857677082,0.00512680080982153,-0.01668056237464488,-0.0014374724758110524
2026-02-09,0.02351249536052391,-0.004090931554366017,-0.00696958034845907,-0.006568923478492916,0.006571490460067109,0.007444117999951816,0.0022436270385235435,0.02351249536052391
2026-02-10,0.002812884603175192,-0.005174687208255646,0.007304985185981661,0.0004008133020445559,0.003418102298143877,-0.00212094665963225,0.012346566409074944,0.002812884603175192
2026-02-11,0.0028050539241388783,-0.00568430790363339,-0.00028441124355671477,-0.017292044044414756,0.000987902123360751,0.006993452980373682,-0.02506200039558537,0.0028050539241388783
2026-02-12,-0.0013985445225273008,-0.007011110097259965,0.016997386266295322,-0.05835995854966969,-0.0053769510193141246,-0.013481260581519106,-0.054883479446016126,-0.0013985445225273008
2026-02-13,-0.018829798614147686,-0.01814029069601719,-0.010769247842001728,-0.012193379808125848,-0.01163305855643404,-0.02022227091891593,-0.021053832380035886,-0.018829798614147686
2026-02-16,0.006502773233518555,0.024228302674405455,-0.002120740882069816,-0.0025564239737145833,0.006542786306590109,0.012327416385575107,0.0053488398876564425,0.006502773233518555
2026-02-17,-0.018436782001649887,-0.00010798832064773389,-0.002904488280566664,0.01874632106298435,0.0026137681335871576,-0.009811408966302837,0.003990173759637505,-0.018436782001649887
2026-02-18,0.00048159863310259787,-0.0010802635700692953,0.0004973010102131692,-0.012579068871630517,0.0023326811847796947,0.012860188916461679,-0.008279973801645357,0.00048159863310259787
2026-02-19,0.019656586651473074,-0.0098410689963917,-0.013776383337895881,-0.002329439677962508,-0.013073262028176047,-0.02206344810296834,-0.006308212036081562,0.019656586651473074
2026-02-20,0.0035408339806721756,-0.004095675076443928,0.004104227370012481,-0.012623165872400532,0.002947520941547488,0.007023784614446527,0.0030994619406277124,0.0035408339806721756
2026-02-23,0.01928805917213361,0.012885891664853766,0.0035138217383021697,-0.018991983519966005,0.004218100385028123,0.006058880821484758,-0.0036854673977010366,0.01928805917213361
2026-02-24,0.009384624774639416,-0.014183603218078211,-0.010433025104491178,-0.03917137476459509,-0.008951647423799614,0.0005602582830006586,-0.038336545149777024,0.009384624774639416
2026-02-25,0.0035817803408841886,-0.003185089966021293,0.011337341578779414,0.011446472431154486,0.002709740360458346,-0.0212066403923884,0.02160317780281029,0.0035817803408841886
2026-02-26,-0.00918829593313708,-0.009916262937523568,0.0031417525269992197,-0.0007751337252338564,-0.00017329560233070307,0.0059349651970861395,0.006998023048738977,-0.00918829593313708
2026-02-27,0.008583770789779122,-0.012074311017939543,-0.018506654956350843,0.008533085259737172,-0.011400575855664452,-0.009169763979471224,-0.0038901873392286346,0.008583770789779122
2026-03-02,0.051063836694788645,-0.009405773681709362,-0.003553574825806982,-0.008614684549030471,-0.011777544843851628,-0.02575509275075405,-0.009061918263707835,0.051063836694788645
2026-03-04,-0.03152111321200135,-0.01222424346322104,-0.00625907975686868,0.01435332426842817,-0.016457930164937573,-0.009572901325478611,-0.009833537850344354,-0.03152111321200135
2026-03-05,-0.012839662096889692,0.010475997617194421,-0.005712647347777988,-0.0012237842711182445,0.011035368979398497,0.03301117056807623,-0.0034778575740717077,-0.012839662096889692
2026-03-06,-0.01073803773411608,-0.02358303868644973,-0.03255741895015751,0.0019910977858139667,-0.011057628093544603,0.011083938493924306,-0.008220858837624467,-0.01073803773411608
2026-03-09,0.00405135873432072,-0.01907703846778075,-0.02664839298721222,0.005044310197787727,-0.017421051658306985,0.013667390734995788,-0.011808020863064206,0.00405135873432072
2026-03-10,0.006471189990327808,0.010407993187759423,0.026204630288046316,-0.014752870276853569,0.00928712522792674,-0.010674123013957204,-0.005657911387208392,0.006471189990327808
